hour_of_day,amount_log,errorBalanceOrig,errorBalanceDest,type_TRANSFER,type_CASH_OUT,amount,actual_isFraud,predicted_probability,type,risk_level,recommended_action,explanation_text
18,9.551072095517688,-14058.76,14058.76,0,0,14058.76,0.0,3.8403434e-07,PAYMENT,LOW,APPROVE,No strong risk indicators identified; transaction pattern is consistent with typical account activity.
18,12.606308504918465,-286600.32,0.0,0,1,298434.32,0.0,0.0005850716,CASH_OUT,LOW,APPROVE,"Flagged primarily because the transaction was a cash-out, a type associated with higher fraud risk in this dataset. Model confidence: 0.1%."
18,9.520923208714148,-13085.2,13641.2,0,0,13641.2,0.0,3.8403434e-07,PAYMENT,LOW,APPROVE,No strong risk indicators identified; transaction pattern is consistent with typical account activity.
18,10.302806142779543,0.0,0.0,0,1,29815.17,0.0,0.06846938,CASH_OUT,LOW,APPROVE,"Flagged primarily because the transaction was a cash-out, a type associated with higher fraud risk in this dataset. Model confidence: 6.8%."
18,9.574955707400504,0.0,0.0,0,1,14398.6,0.0,0.1819007,CASH_OUT,LOW,APPROVE,"Flagged primarily because the transaction was a cash-out, a type associated with higher fraud risk in this dataset. Model confidence: 18.2%."
18,12.988018877154522,-430144.01,0.0,1,0,437143.41,0.0,1.0248618e-06,TRANSFER,LOW,APPROVE,"Flagged primarily because the transaction was a direct transfer, a type associated with higher fraud risk in this dataset and the account balances did not update consistently with the transaction amount. Model confidence: 0.0%."
18,12.322936770228283,-224792.34,0.0,1,0,224792.34,0.0,1.5742957e-06,TRANSFER,LOW,APPROVE,"Flagged primarily because the transaction was a direct transfer, a type associated with higher fraud risk in this dataset. Model confidence: 0.0%."
18,13.252145635799868,-569289.22,0.0,1,0,569289.22,0.0,2.2209215e-05,TRANSFER,LOW,APPROVE,"Flagged primarily because the account balances did not update consistently with the transaction amount and the transaction was a direct transfer, a type associated with higher fraud risk in this dataset. Model confidence: 0.0%."
18,10.1547803694724,-25712.73,-0.0099999999802093,1,0,25712.73,0.0,1.5057878e-06,TRANSFER,LOW,APPROVE,"Flagged primarily because the transaction was a direct transfer, a type associated with higher fraud risk in this dataset. Model confidence: 0.0%."
18,11.772997180477468,-129701.31,0.0100000000093132,1,0,129701.31,0.0,1.1453334e-05,TRANSFER,LOW,APPROVE,"Flagged primarily because the transaction was a direct transfer, a type associated with higher fraud risk in this dataset. Model confidence: 0.0%."
18,10.19335960024063,-26724.13,0.0,1,0,26724.13,0.0,4.301762e-05,TRANSFER,LOW,APPROVE,"Flagged primarily because the transaction was a direct transfer, a type associated with higher fraud risk in this dataset. Model confidence: 0.0%."
18,12.500505368481589,-268471.93,-1.1641532182693479e-10,1,0,268471.93,0.0,1.0169125e-05,TRANSFER,LOW,APPROVE,"Flagged primarily because the transaction was a direct transfer, a type associated with higher fraud risk in this dataset. Model confidence: 0.0%."
18,12.730083283707144,-337756.44,0.0,1,0,337756.44,0.0,2.2689374e-06,TRANSFER,LOW,APPROVE,"Flagged primarily because the transaction was a direct transfer, a type associated with higher fraud risk in this dataset. Model confidence: 0.0%."
18,13.039750863939863,-460352.92,0.0,1,0,460352.92,0.0,4.7021527e-05,TRANSFER,LOW,APPROVE,"Flagged primarily because the transaction was a direct transfer, a type associated with higher fraud risk in this dataset and the account balances did not update consistently with the transaction amount. Model confidence: 0.0%."
18,14.16203691778896,-1414145.77,-9.313225746154783e-10,1,0,1414145.77,0.0,2.1161688e-05,TRANSFER,LOW,APPROVE,"Flagged primarily because the account balances did not update consistently with the transaction amount, the transaction was a direct transfer, a type associated with higher fraud risk in this dataset, and the transaction amount (₹1,414,145.77) is unusually large. Model confidence: 0.0%."
18,14.445985251261984,-1878501.08,0.0,1,0,1878501.08,0.0,3.519434e-05,TRANSFER,LOW,APPROVE,"Flagged primarily because the account balances did not update consistently with the transaction amount, the transaction was a direct transfer, a type associated with higher fraud risk in this dataset, and the transaction amount (₹1,878,501.08) is unusually large. Model confidence: 0.0%."
18,14.004112394121188,-1207559.05,0.0,1,0,1207559.05,0.0,1.5620515e-05,TRANSFER,LOW,APPROVE,"Flagged primarily because the account balances did not update consistently with the transaction amount and the transaction was a direct transfer, a type associated with higher fraud risk in this dataset. Model confidence: 0.0%."
18,5.619712222859976,0.0,274.81,0,0,274.81,0.0,4.812875e-07,PAYMENT,LOW,APPROVE,No strong risk indicators identified; transaction pattern is consistent with typical account activity.
18,9.661578398529803,-11947.36,15701.55,0,0,15701.55,0.0,5.78338e-07,PAYMENT,LOW,APPROVE,No strong risk indicators identified; transaction pattern is consistent with typical account activity.
18,7.084586793032453,-1192.43,1192.43,0,0,1192.43,0.0,3.7505737e-07,PAYMENT,LOW,APPROVE,No strong risk indicators identified; transaction pattern is consistent with typical account activity.
18,7.908905407329267,0.0,2720.41,0,0,2720.41,0.0,2.0757764e-07,PAYMENT,LOW,APPROVE,No strong risk indicators identified; transaction pattern is consistent with typical account activity.
18,11.894504560099074,-136246.55,0.0,0,1,146458.55,0.0,0.0010003885,CASH_OUT,LOW,APPROVE,"Flagged primarily because the transaction was a cash-out, a type associated with higher fraud risk in this dataset. Model confidence: 0.1%."
18,9.406614964175027,-1262.6100000000006,12167.61,0,0,12167.61,0.0,3.2771138e-07,PAYMENT,LOW,APPROVE,No strong risk indicators identified; transaction pattern is consistent with typical account activity.
18,10.211666863926732,-15144.9,27217.9,0,0,27217.9,0.0,3.680607e-06,PAYMENT,LOW,APPROVE,No strong risk indicators identified; transaction pattern is consistent with typical account activity.
18,7.1076547680501605,0.0,1220.28,0,0,1220.28,0.0,2.8793752e-07,PAYMENT,LOW,APPROVE,No strong risk indicators identified; transaction pattern is consistent with typical account activity.
18,12.698927436838929,-312326.56,0.0,0,1,327395.56,0.0,0.0003897612,CASH_OUT,LOW,APPROVE,"Flagged primarily because the transaction was a cash-out, a type associated with higher fraud risk in this dataset. Model confidence: 0.0%."
18,7.896894904989558,0.0,2687.92,0,0,2687.92,0.0,2.0757764e-07,PAYMENT,LOW,APPROVE,No strong risk indicators identified; transaction pattern is consistent with typical account activity.
18,12.71148187709181,-663063.5,663063.5,0,0,331531.75,0.0,9.713632e-07,CASH_IN,LOW,APPROVE,Flagged primarily because the account balances did not update consistently with the transaction amount. Model confidence: 0.0%.
18,10.83591341032367,-50684.3,0.0100000000093132,0,1,50812.3,0.0,1.9320116e-05,CASH_OUT,LOW,APPROVE,"Flagged primarily because the transaction was a cash-out, a type associated with higher fraud risk in this dataset. Model confidence: 0.0%."
18,6.751463976322433,0.0,854.31,0,0,854.31,0.0,2.0142922e-07,PAYMENT,LOW,APPROVE,No strong risk indicators identified; transaction pattern is consistent with typical account activity.
18,12.400009730125388,-201471.29,0.0,0,1,242802.98,0.0,0.000106417094,CASH_OUT,LOW,APPROVE,"Flagged primarily because the transaction was a cash-out, a type associated with higher fraud risk in this dataset. Model confidence: 0.0%."
18,11.49695765535269,-196829.8,98414.9,0,0,98414.9,0.0,3.5781844e-07,CASH_IN,LOW,APPROVE,No strong risk indicators identified; transaction pattern is consistent with typical account activity.
18,12.292301257906171,-217849.1,0.0,0,1,218010.1,0.0,0.00023946026,CASH_OUT,LOW,APPROVE,"Flagged primarily because the transaction was a cash-out, a type associated with higher fraud risk in this dataset. Model confidence: 0.0%."
18,12.142421570495795,-375330.94,322889.2,0,0,187665.47,0.0,5.1090602e-08,CASH_IN,LOW,APPROVE,Flagged primarily because the account balances did not update consistently with the transaction amount. Model confidence: 0.0%.
18,13.470715454172154,-501290.01,0.0,1,0,708364.48,0.0,6.657126e-06,TRANSFER,LOW,APPROVE,"Flagged primarily because the transaction was a direct transfer, a type associated with higher fraud risk in this dataset and the account balances did not update consistently with the transaction amount. Model confidence: 0.0%."
18,11.437798065684886,-50192.53,-112386.82,0,1,92761.53,0.0,0.00010930098,CASH_OUT,LOW,APPROVE,"Flagged primarily because the transaction was a cash-out, a type associated with higher fraud risk in this dataset. Model confidence: 0.0%."
18,12.50621786678478,-213675.97,-948830.31,0,1,270009.97,0.0,0.0002788547,CASH_OUT,LOW,APPROVE,"Flagged primarily because the transaction was a cash-out, a type associated with higher fraud risk in this dataset. Model confidence: 0.0%."
18,9.756995966821346,0.0,17273.66,0,0,17273.66,0.0,3.0297617e-06,PAYMENT,LOW,APPROVE,No strong risk indicators identified; transaction pattern is consistent with typical account activity.
18,12.023731608546482,-155217.42,-191078.12,0,1,166662.42,0.0,2.9418175e-05,CASH_OUT,LOW,APPROVE,"Flagged primarily because the transaction was a cash-out, a type associated with higher fraud risk in this dataset. Model confidence: 0.0%."
18,2.574899688314705,0.0,12.13,0,0,12.13,0.0,4.4762507e-07,PAYMENT,LOW,APPROVE,No strong risk indicators identified; transaction pattern is consistent with typical account activity.
18,12.659373430683798,-314258.48,0.0,0,1,314698.48,0.0,0.0009543857,CASH_OUT,LOW,APPROVE,"Flagged primarily because the transaction was a cash-out, a type associated with higher fraud risk in this dataset. Model confidence: 0.1%."
18,10.30879764863055,-29994.35,29994.35,0,0,29994.35,0.0,1.2329059e-06,PAYMENT,LOW,APPROVE,No strong risk indicators identified; transaction pattern is consistent with typical account activity.
18,12.847665050150828,-337789.65,0.0,0,1,379899.65,0.0,0.00015463901,CASH_OUT,LOW,APPROVE,"Flagged primarily because the transaction was a cash-out, a type associated with higher fraud risk in this dataset. Model confidence: 0.0%."
18,9.74686298182936,-7807.5,17099.5,0,0,17099.5,0.0,2.1132594e-06,PAYMENT,LOW,APPROVE,No strong risk indicators identified; transaction pattern is consistent with typical account activity.
18,10.853429478082347,-103420.38,103420.38000000012,0,0,51710.19,0.0,4.052391e-07,CASH_IN,LOW,APPROVE,No strong risk indicators identified; transaction pattern is consistent with typical account activity.
18,11.690737452256323,-238918.14,210784.77,0,0,119459.07,0.0,9.35093e-07,CASH_IN,LOW,APPROVE,Flagged primarily because the account balances did not update consistently with the transaction amount. Model confidence: 0.0%.
18,11.312770758585035,-163718.82,163681.82,0,0,81859.41,0.0,9.451722e-07,CASH_IN,LOW,APPROVE,No strong risk indicators identified; transaction pattern is consistent with typical account activity.
18,12.598032432622292,-280002.64,123040.95999999996,0,1,295974.64,0.0,1.3828427e-05,CASH_OUT,LOW,APPROVE,"Flagged primarily because the transaction was a cash-out, a type associated with higher fraud risk in this dataset. Model confidence: 0.0%."
18,8.52875805978614,-5057.16,5057.16,0,0,5057.16,0.0,2.4451697e-07,PAYMENT,LOW,APPROVE,No strong risk indicators identified; transaction pattern is consistent with typical account activity.
18,8.626573018807866,-5576.93,5576.93,0,0,5576.93,0.0,2.4451697e-07,PAYMENT,LOW,APPROVE,No strong risk indicators identified; transaction pattern is consistent with typical account activity.
18,11.534167056460662,-101974.88,0.0,0,1,102145.88,0.0,0.002418797,CASH_OUT,LOW,APPROVE,"Flagged primarily because the transaction was a cash-out, a type associated with higher fraud risk in this dataset. Model confidence: 0.2%."
18,12.510226989618443,-271094.65,0.0,0,1,271094.65,0.0,0.000523348,CASH_OUT,LOW,APPROVE,"Flagged primarily because the transaction was a cash-out, a type associated with higher fraud risk in this dataset. Model confidence: 0.1%."
18,11.789578920176968,-0.0099999999511055,-129166.81,0,1,131869.93,0.0,2.0703981e-05,CASH_OUT,LOW,APPROVE,"Flagged primarily because the transaction was a cash-out, a type associated with higher fraud risk in this dataset. Model confidence: 0.0%."
18,9.033562619860668,0.0,8378.66,0,0,8378.66,0.0,9.91082e-07,PAYMENT,LOW,APPROVE,No strong risk indicators identified; transaction pattern is consistent with typical account activity.
18,12.527187559830343,-264196.8,0.0,0,1,275731.8,0.0,0.0012559419,CASH_OUT,LOW,APPROVE,"Flagged primarily because the transaction was a cash-out, a type associated with higher fraud risk in this dataset. Model confidence: 0.1%."
18,11.440517877112622,-87766.17,0.0,0,1,93014.17,0.0,0.006945719,CASH_OUT,LOW,APPROVE,"Flagged primarily because the transaction was a cash-out, a type associated with higher fraud risk in this dataset. Model confidence: 0.7%."
18,9.456431404267905,0.0,12789.16,0,0,12789.16,0.0,1.1865757e-06,PAYMENT,LOW,APPROVE,No strong risk indicators identified; transaction pattern is consistent with typical account activity.
18,12.579844486045513,-581280.22,344813.09,0,0,290640.11,0.0,2.3875867e-07,CASH_IN,LOW,APPROVE,Flagged primarily because the account balances did not update consistently with the transaction amount. Model confidence: 0.0%.
18,11.92872525250243,-303114.48,303114.48,0,0,151557.24,0.0,8.771221e-08,CASH_IN,LOW,APPROVE,Flagged primarily because the account balances did not update consistently with the transaction amount. Model confidence: 0.0%.
18,12.760001579635544,-696028.5,696028.5,0,0,348014.25,0.0,2.8563792e-07,CASH_IN,LOW,APPROVE,Flagged primarily because the account balances did not update consistently with the transaction amount. Model confidence: 0.0%.
18,9.753700753780842,0.0100000000093132,17216.83,0,0,17216.83,0.0,5.1744234e-07,PAYMENT,LOW,APPROVE,No strong risk indicators identified; transaction pattern is consistent with typical account activity.
18,9.641306221335329,-0.0100000000093132,15386.43,0,0,15386.43,0.0,5.78338e-07,PAYMENT,LOW,APPROVE,No strong risk indicators identified; transaction pattern is consistent with typical account activity.
18,9.976797956717055,0.0,21520.29,0,0,21520.29,0.0,2.3974467e-06,PAYMENT,LOW,APPROVE,No strong risk indicators identified; transaction pattern is consistent with typical account activity.
18,9.184765094952148,0.0,9746.49,0,0,9746.49,0.0,5.7261775e-07,PAYMENT,LOW,APPROVE,No strong risk indicators identified; transaction pattern is consistent with typical account activity.
18,8.554957074677212,-1.1641532182693479e-10,5191.43,0,0,5191.43,0.0,2.4451697e-07,PAYMENT,LOW,APPROVE,No strong risk indicators identified; transaction pattern is consistent with typical account activity.
18,8.881124940933601,0.0,7193.88,0,0,7193.88,0.0,2.3213829e-07,PAYMENT,LOW,APPROVE,No strong risk indicators identified; transaction pattern is consistent with typical account activity.
18,7.58220372273454,1.1641532182693479e-10,1961.95,0,0,1961.95,0.0,4.7619864e-08,PAYMENT,LOW,APPROVE,No strong risk indicators identified; transaction pattern is consistent with typical account activity.
18,8.540644057748985,-1.1641532182693479e-10,5117.64,0,0,5117.64,0.0,2.4451697e-07,PAYMENT,LOW,APPROVE,No strong risk indicators identified; transaction pattern is consistent with typical account activity.
18,7.908420246977934,1.1641532182693479e-10,2719.09,0,0,2719.09,0.0,3.389408e-08,PAYMENT,LOW,APPROVE,No strong risk indicators identified; transaction pattern is consistent with typical account activity.
18,9.379121502897588,0.0,11837.61,0,0,11837.61,0.0,1.0125509e-06,PAYMENT,LOW,APPROVE,No strong risk indicators identified; transaction pattern is consistent with typical account activity.
18,9.737434739160792,0.0,16939.03,0,0,16939.03,0.0,2.0697269e-06,PAYMENT,LOW,APPROVE,No strong risk indicators identified; transaction pattern is consistent with typical account activity.
18,10.563934872892991,-5.820766091346741e-11,38712.16,0,0,38712.16,0.0,1.3935975e-06,PAYMENT,LOW,APPROVE,No strong risk indicators identified; transaction pattern is consistent with typical account activity.
18,11.215927063310422,-148607.04,-51762.53,0,0,74303.52,0.0,5.6421345e-07,CASH_IN,LOW,APPROVE,No strong risk indicators identified; transaction pattern is consistent with typical account activity.
18,8.298166155613867,0.0,4015.5,0,0,4015.5,0.0,2.3213829e-07,PAYMENT,LOW,APPROVE,No strong risk indicators identified; transaction pattern is consistent with typical account activity.
18,8.411541522266235,-2625.69,4497.69,0,0,4497.69,0.0,2.4451697e-07,PAYMENT,LOW,APPROVE,No strong risk indicators identified; transaction pattern is consistent with typical account activity.
18,12.102494873174107,-360640.36,360640.3700000001,0,0,180320.18,0.0,5.1090602e-08,CASH_IN,LOW,APPROVE,Flagged primarily because the account balances did not update consistently with the transaction amount. Model confidence: 0.0%.
18,9.453245765441144,0.0,12748.48,0,0,12748.48,0.0,1.1865757e-06,PAYMENT,LOW,APPROVE,No strong risk indicators identified; transaction pattern is consistent with typical account activity.
18,8.4129209722378,0.0,4503.9,0,0,4503.9,0.0,2.3213829e-07,PAYMENT,LOW,APPROVE,No strong risk indicators identified; transaction pattern is consistent with typical account activity.
18,8.891778384998194,0.0,7270.94,0,0,7270.94,0.0,2.3213829e-07,PAYMENT,LOW,APPROVE,No strong risk indicators identified; transaction pattern is consistent with typical account activity.
18,12.314177262695203,-445663.72,222831.86,0,0,222831.86,0.0,9.581571e-08,CASH_IN,LOW,APPROVE,Flagged primarily because the account balances did not update consistently with the transaction amount. Model confidence: 0.0%.
18,9.138941035845892,-5.820766091346741e-11,9309.9,0,0,9309.9,0.0,2.0101437e-05,PAYMENT,LOW,APPROVE,No strong risk indicators identified; transaction pattern is consistent with typical account activity.
18,9.382994516225144,0.0,11883.55,0,0,11883.55,0.0,1.0125509e-06,PAYMENT,LOW,APPROVE,No strong risk indicators identified; transaction pattern is consistent with typical account activity.
18,12.432138363154614,-234525.61,0.0,0,1,250730.61,0.0,0.003647766,CASH_OUT,LOW,APPROVE,"Flagged primarily because the transaction was a cash-out, a type associated with higher fraud risk in this dataset. Model confidence: 0.4%."
18,10.845511721009032,-18697.370000000003,-288314.60999999987,0,1,51302.37,0.0,1.2334644e-05,CASH_OUT,LOW,APPROVE,"Flagged primarily because the transaction was a cash-out, a type associated with higher fraud risk in this dataset. Model confidence: 0.0%."
18,11.73994732590977,-250969.46,601470.04,0,0,125484.73,0.0,9.474422e-08,CASH_IN,LOW,APPROVE,Flagged primarily because the account balances did not update consistently with the transaction amount. Model confidence: 0.0%.
18,11.973428985747486,-316972.36,316972.3500000001,0,0,158486.18,0.0,1.3205537e-08,CASH_IN,LOW,APPROVE,Flagged primarily because the account balances did not update consistently with the transaction amount. Model confidence: 0.0%.
18,9.71419817677537,-33099.880000000005,33099.87999999989,0,0,16549.94,0.0,1.1130893e-06,CASH_IN,LOW,APPROVE,No strong risk indicators identified; transaction pattern is consistent with typical account activity.
18,12.417647901392128,-494247.17999999993,494247.18000000005,0,0,247123.59,0.0,1.0455733e-07,CASH_IN,LOW,APPROVE,Flagged primarily because the account balances did not update consistently with the transaction amount. Model confidence: 0.0%.
18,12.10777159753528,-362548.4000000001,278706.79000000004,0,0,181274.2,0.0,4.3232692e-08,CASH_IN,LOW,APPROVE,Flagged primarily because the account balances did not update consistently with the transaction amount. Model confidence: 0.0%.
18,11.057435205409671,-126825.3999999999,126825.40000000002,0,0,63412.7,0.0,4.013836e-08,CASH_IN,LOW,APPROVE,No strong risk indicators identified; transaction pattern is consistent with typical account activity.
18,11.43849842653566,-185653.03000000003,185653.03000000003,0,0,92826.52,0.0,3.7934203e-07,CASH_IN,LOW,APPROVE,No strong risk indicators identified; transaction pattern is consistent with typical account activity.
18,12.356556252714942,-464956.5000000001,608769.2999999998,0,0,232478.25,0.0,6.849351e-08,CASH_IN,LOW,APPROVE,Flagged primarily because the account balances did not update consistently with the transaction amount. Model confidence: 0.0%.
18,12.838083617185324,-752554.0899999999,456247.94000000006,0,0,376277.04,0.0,2.0835193e-07,CASH_IN,LOW,APPROVE,Flagged primarily because the account balances did not update consistently with the transaction amount. Model confidence: 0.0%.
18,6.259256363424289,-1043.6500000001397,1043.660000000149,0,0,521.83,0.0,6.269089e-07,CASH_IN,LOW,APPROVE,No strong risk indicators identified; transaction pattern is consistent with typical account activity.
18,12.756382928381884,-693514.3599999999,693514.3599999994,0,0,346757.18,0.0,2.8563792e-07,CASH_IN,LOW,APPROVE,Flagged primarily because the account balances did not update consistently with the transaction amount. Model confidence: 0.0%.
18,10.343342815156388,-62097.30000000005,62097.30000000005,0,0,31048.65,0.0,7.199235e-07,CASH_IN,LOW,APPROVE,No strong risk indicators identified; transaction pattern is consistent with typical account activity.
18,12.343112974630072,-458747.7600000002,458747.7600000002,0,0,229373.88,0.0,1.7080849e-07,CASH_IN,LOW,APPROVE,Flagged primarily because the account balances did not update consistently with the transaction amount. Model confidence: 0.0%.
18,11.825412924140943,-273362.1699999999,273362.1699999999,0,0,136681.08,0.0,2.0341137e-07,CASH_IN,LOW,APPROVE,Flagged primarily because the account balances did not update consistently with the transaction amount. Model confidence: 0.0%.
18,12.435587298207862,-503193.71,503193.71,0,0,251596.86,0.0,1.0413023e-07,CASH_IN,LOW,APPROVE,Flagged primarily because the account balances did not update consistently with the transaction amount. Model confidence: 0.0%.
18,12.584357597174543,-583909.54,583909.54,0,0,291954.77,0.0,8.818845e-08,CASH_IN,LOW,APPROVE,Flagged primarily because the account balances did not update consistently with the transaction amount. Model confidence: 0.0%.
18,12.92353627037709,-819689.5999999996,819689.6,0,0,409844.8,0.0,3.883486e-07,CASH_IN,LOW,APPROVE,Flagged primarily because the account balances did not update consistently with the transaction amount. Model confidence: 0.0%.
18,13.144689250010437,-1022574.9500000002,1022574.96,0,0,511287.48,0.0,6.363706e-06,CASH_IN,LOW,APPROVE,Flagged primarily because the account balances did not update consistently with the transaction amount. Model confidence: 0.0%.
18,11.964804519451777,-314250.3799999999,314250.3799999999,0,0,157125.19,0.0,1.0009272e-08,CASH_IN,LOW,APPROVE,Flagged primarily because the account balances did not update consistently with the transaction amount. Model confidence: 0.0%.
18,12.686424175102712,-646655.04,646655.03,0,0,323327.52,0.0,9.713632e-07,CASH_IN,LOW,APPROVE,Flagged primarily because the account balances did not update consistently with the transaction amount. Model confidence: 0.0%.
18,10.82930000857324,-100954.7200000002,132355.36,0,0,50477.36,0.0,3.436587e-07,CASH_IN,LOW,APPROVE,No strong risk indicators identified; transaction pattern is consistent with typical account activity.
18,11.712719485355963,-244228.2399999993,244228.24,0,0,122114.12,0.0,2.6865206e-07,CASH_IN,LOW,APPROVE,Flagged primarily because the account balances did not update consistently with the transaction amount. Model confidence: 0.0%.
18,11.588062065047664,-215604.28000000023,215604.28,0,0,107802.14,0.0,1.0465116e-06,CASH_IN,LOW,APPROVE,Flagged primarily because the account balances did not update consistently with the transaction amount. Model confidence: 0.0%.
18,8.386653889449192,-8774.21999999974,8774.22000000003,0,0,4387.11,0.0,2.4451697e-07,CASH_IN,LOW,APPROVE,No strong risk indicators identified; transaction pattern is consistent with typical account activity.
18,12.094604795794238,-357806.0600000005,71251.35999999987,0,0,178903.03,0.0,4.9213536e-08,CASH_IN,LOW,APPROVE,Flagged primarily because the account balances did not update consistently with the transaction amount. Model confidence: 0.0%.
18,12.192297907947369,-394525.8800000008,262250.57000000007,0,0,197262.94,0.0,5.247765e-08,CASH_IN,LOW,APPROVE,Flagged primarily because the account balances did not update consistently with the transaction amount. Model confidence: 0.0%.
18,11.21972982067771,-149173.24000000022,149173.24,0,0,74586.62,0.0,9.593243e-07,CASH_IN,LOW,APPROVE,No strong risk indicators identified; transaction pattern is consistent with typical account activity.
18,11.096378276822318,-131861.88999999966,131861.8799999999,0,0,65930.94,0.0,1.7944264e-07,CASH_IN,LOW,APPROVE,No strong risk indicators identified; transaction pattern is consistent with typical account activity.
18,12.763163219222749,-698232.5800000001,698232.5899999999,0,0,349116.29,0.0,2.8563792e-07,CASH_IN,LOW,APPROVE,Flagged primarily because the account balances did not update consistently with the transaction amount. Model confidence: 0.0%.
18,12.579263153620836,-580942.4000000004,580942.3999999999,0,0,290471.2,0.0,1.3187947e-07,CASH_IN,LOW,APPROVE,Flagged primarily because the account balances did not update consistently with the transaction amount. Model confidence: 0.0%.
18,12.260134035204498,-422217.7599999998,422217.76,0,0,211108.88,0.0,8.565291e-08,CASH_IN,LOW,APPROVE,Flagged primarily because the account balances did not update consistently with the transaction amount. Model confidence: 0.0%.
18,13.017626200763695,-900559.1799999997,900559.1800000002,0,0,450279.59,0.0,1.2698112e-06,CASH_IN,LOW,APPROVE,Flagged primarily because the account balances did not update consistently with the transaction amount. Model confidence: 0.0%.
18,12.791595861875308,-718370.1700000009,718370.1599999997,0,0,359185.08,0.0,2.8563792e-07,CASH_IN,LOW,APPROVE,Flagged primarily because the account balances did not update consistently with the transaction amount. Model confidence: 0.0%.
18,12.940938570410058,-834078.9499999993,834078.9500000001,0,0,417039.48,0.0,3.381195e-07,CASH_IN,LOW,APPROVE,Flagged primarily because the account balances did not update consistently with the transaction amount. Model confidence: 0.0%.
18,10.840656999183269,-102107.8200000003,102107.80999999982,0,0,51053.91,0.0,4.052391e-07,CASH_IN,LOW,APPROVE,No strong risk indicators identified; transaction pattern is consistent with typical account activity.
18,12.126152755314264,-369274.1199999992,356429.09,0,0,184637.06,0.0,5.1090602e-08,CASH_IN,LOW,APPROVE,Flagged primarily because the account balances did not update consistently with the transaction amount. Model confidence: 0.0%.
18,12.08504628096417,-354402.23000000045,300834.5799999996,0,0,177201.12,0.0,6.323472e-08,CASH_IN,LOW,APPROVE,Flagged primarily because the account balances did not update consistently with the transaction amount. Model confidence: 0.0%.
18,12.91418084975522,-812056.7999999998,308603.8700000001,0,0,406028.4,0.0,7.9667666e-07,CASH_IN,LOW,APPROVE,Flagged primarily because the account balances did not update consistently with the transaction amount. Model confidence: 0.0%.
18,11.770961452871475,-258875.08000000007,258875.08,0,0,129437.54,0.0,3.4233753e-07,CASH_IN,LOW,APPROVE,Flagged primarily because the account balances did not update consistently with the transaction amount. Model confidence: 0.0%.
18,12.0336077716402,-336633.1400000006,336633.13999999966,0,0,168316.57,0.0,5.1090602e-08,CASH_IN,LOW,APPROVE,Flagged primarily because the account balances did not update consistently with the transaction amount. Model confidence: 0.0%.
18,7.17123430648575,-2600.9000000003725,2600.8899999998976,0,0,1300.45,0.0,3.7505737e-07,CASH_IN,LOW,APPROVE,No strong risk indicators identified; transaction pattern is consistent with typical account activity.
18,11.113466483916282,-134134.56000000052,-152502.53999999992,0,0,67067.28,0.0,6.968674e-08,CASH_IN,LOW,APPROVE,No strong risk indicators identified; transaction pattern is consistent with typical account activity.
18,12.8506179854367,-762046.2599999988,762046.26,0,0,381023.13,0.0,2.2758017e-07,CASH_IN,LOW,APPROVE,Flagged primarily because the account balances did not update consistently with the transaction amount. Model confidence: 0.0%.
18,12.779128847932173,-709469.8100000005,609385.6000000006,0,0,354734.9,0.0,2.0819343e-07,CASH_IN,LOW,APPROVE,Flagged primarily because the account balances did not update consistently with the transaction amount. Model confidence: 0.0%.
18,12.684147551708554,-645184.5199999996,645184.52,0,0,322592.26,0.0,9.713632e-07,CASH_IN,LOW,APPROVE,Flagged primarily because the account balances did not update consistently with the transaction amount. Model confidence: 0.0%.
18,10.471218041334618,-70568.33000000007,70568.34000000001,0,0,35284.17,0.0,4.1230887e-06,CASH_IN,LOW,APPROVE,No strong risk indicators identified; transaction pattern is consistent with typical account activity.
18,12.591013634129236,-587809.040000001,587809.04,0,0,293904.52,0.0,8.818845e-08,CASH_IN,LOW,APPROVE,Flagged primarily because the account balances did not update consistently with the transaction amount. Model confidence: 0.0%.
18,12.596742711433418,-591186.3199999984,591186.3200000001,0,0,295593.16,0.0,5.3572984e-07,CASH_IN,LOW,APPROVE,Flagged primarily because the account balances did not update consistently with the transaction amount. Model confidence: 0.0%.
18,13.127014046259749,-1004659.5,1376955.17,0,0,502329.75,0.0,8.929054e-06,CASH_IN,LOW,APPROVE,Flagged primarily because the account balances did not update consistently with the transaction amount. Model confidence: 0.0%.
18,12.030412929318524,-335559.36000000127,409372.77,0,0,167779.68,0.0,5.0170126e-08,CASH_IN,LOW,APPROVE,Flagged primarily because the account balances did not update consistently with the transaction amount. Model confidence: 0.0%.
18,12.304844146227635,-441523.6199999992,441523.6200000001,0,0,220761.81,0.0,5.319923e-08,CASH_IN,LOW,APPROVE,Flagged primarily because the account balances did not update consistently with the transaction amount. Model confidence: 0.0%.
18,12.509633997238772,-541867.8800000008,541867.8799999999,0,0,270933.94,0.0,1.1866024e-07,CASH_IN,LOW,APPROVE,Flagged primarily because the account balances did not update consistently with the transaction amount. Model confidence: 0.0%.
18,13.33525212751898,-1237245.0,1237245.0100000007,0,0,618622.5,0.0,2.5945005e-06,CASH_IN,LOW,APPROVE,Flagged primarily because the account balances did not update consistently with the transaction amount. Model confidence: 0.0%.
18,12.744902815764044,-685598.2499999981,542252.6099999999,0,0,342799.12,0.0,2.0819343e-07,CASH_IN,LOW,APPROVE,Flagged primarily because the account balances did not update consistently with the transaction amount. Model confidence: 0.0%.
18,12.852379209068094,-763389.5800000001,763389.5900000001,0,0,381694.79,0.0,2.2758017e-07,CASH_IN,LOW,APPROVE,Flagged primarily because the account balances did not update consistently with the transaction amount. Model confidence: 0.0%.
18,9.224830875678494,-20289.919999999925,20289.919999999925,0,0,10144.96,0.0,1.2585252e-07,CASH_IN,LOW,APPROVE,No strong risk indicators identified; transaction pattern is consistent with typical account activity.
18,11.501714152413705,-197768.26000000164,197768.26000000007,0,0,98884.13,0.0,5.5716384e-07,CASH_IN,LOW,APPROVE,No strong risk indicators identified; transaction pattern is consistent with typical account activity.
18,10.827086315581072,-100731.48000000045,100731.47999999998,0,0,50365.74,0.0,4.052391e-07,CASH_IN,LOW,APPROVE,No strong risk indicators identified; transaction pattern is consistent with typical account activity.
18,12.823328275844672,-741531.379999999,741531.3799999999,0,0,370765.69,0.0,2.2758017e-07,CASH_IN,LOW,APPROVE,Flagged primarily because the account balances did not update consistently with the transaction amount. Model confidence: 0.0%.
18,11.160780530740857,-140633.6400000006,140633.63000000012,0,0,70316.82,0.0,1.6150739e-07,CASH_IN,LOW,APPROVE,No strong risk indicators identified; transaction pattern is consistent with typical account activity.
18,12.27921520181993,-430351.55999999866,430351.56000000006,0,0,215175.78,0.0,9.640048e-08,CASH_IN,LOW,APPROVE,Flagged primarily because the account balances did not update consistently with the transaction amount. Model confidence: 0.0%.
18,11.850471267969922,-280298.76000000164,280298.76,0,0,140149.38,0.0,2.7814016e-07,CASH_IN,LOW,APPROVE,Flagged primarily because the account balances did not update consistently with the transaction amount. Model confidence: 0.0%.
18,11.815353725980849,-270626.1199999992,270626.12,0,0,135313.06,0.0,1.8450581e-07,CASH_IN,LOW,APPROVE,Flagged primarily because the account balances did not update consistently with the transaction amount. Model confidence: 0.0%.
18,11.297748719216964,-161277.7800000012,161277.77000000002,0,0,80638.89,0.0,1.4455148e-07,CASH_IN,LOW,APPROVE,No strong risk indicators identified; transaction pattern is consistent with typical account activity.
18,12.099302025030546,-359490.7199999988,234301.39,0,0,179745.36,0.0,4.586332e-08,CASH_IN,LOW,APPROVE,Flagged primarily because the account balances did not update consistently with the transaction amount. Model confidence: 0.0%.
18,12.536512186263884,-556629.8600000013,556629.8599999999,0,0,278314.93,0.0,1.9551548e-07,CASH_IN,LOW,APPROVE,Flagged primarily because the account balances did not update consistently with the transaction amount. Model confidence: 0.0%.
18,11.597024212703774,-217545.25999999975,217545.26000000024,0,0,108772.63,0.0,1.0465116e-06,CASH_IN,LOW,APPROVE,Flagged primarily because the account balances did not update consistently with the transaction amount. Model confidence: 0.0%.
18,12.291853015141031,-435824.8000000008,435824.79,0,0,217912.4,0.0,5.319923e-08,CASH_IN,LOW,APPROVE,Flagged primarily because the account balances did not update consistently with the transaction amount. Model confidence: 0.0%.
18,11.902363692670116,-295228.2599999998,378229.87,0,0,147614.13,0.0,7.325555e-08,CASH_IN,LOW,APPROVE,Flagged primarily because the account balances did not update consistently with the transaction amount. Model confidence: 0.0%.
18,12.382030622631651,-476953.1800000016,476953.17999999993,0,0,238476.59,0.0,2.5178076e-07,CASH_IN,LOW,APPROVE,Flagged primarily because the account balances did not update consistently with the transaction amount. Model confidence: 0.0%.
18,11.967103718408934,-314973.7399999984,314973.74,0,0,157486.87,0.0,1.3205537e-08,CASH_IN,LOW,APPROVE,Flagged primarily because the account balances did not update consistently with the transaction amount. Model confidence: 0.0%.
18,8.092303644489615,-6536.4199999999255,-135555.96999999997,0,0,3268.21,0.0,4.5549655e-08,CASH_IN,LOW,APPROVE,No strong risk indicators identified; transaction pattern is consistent with typical account activity.
18,12.468829217650338,-520202.04000000097,520202.04,0,0,260101.02,0.0,1.1866024e-07,CASH_IN,LOW,APPROVE,Flagged primarily because the account balances did not update consistently with the transaction amount. Model confidence: 0.0%.
18,12.260375302241243,-422319.6400000006,422319.65,0,0,211159.82,0.0,8.565291e-08,CASH_IN,LOW,APPROVE,Flagged primarily because the account balances did not update consistently with the transaction amount. Model confidence: 0.0%.
18,10.498591271277451,-72526.75999999978,72526.75999999998,0,0,36263.38,0.0,1.3599222e-05,CASH_IN,LOW,APPROVE,No strong risk indicators identified; transaction pattern is consistent with typical account activity.
18,12.045617584789326,-340700.4500000011,340700.45,0,0,170350.22,0.0,5.1090602e-08,CASH_IN,LOW,APPROVE,Flagged primarily because the account balances did not update consistently with the transaction amount. Model confidence: 0.0%.
18,12.410219578235914,-490589.3399999999,490589.34,0,0,245294.67,0.0,1.0455733e-07,CASH_IN,LOW,APPROVE,Flagged primarily because the account balances did not update consistently with the transaction amount. Model confidence: 0.0%.
18,11.070190639278616,-128453.50999999978,78215.41999999998,0,0,64226.75,0.0,3.537742e-07,CASH_IN,LOW,APPROVE,No strong risk indicators identified; transaction pattern is consistent with typical account activity.
18,11.372528501011535,-173800.6400000006,173800.63999999996,0,0,86900.32,0.0,2.0584719e-07,CASH_IN,LOW,APPROVE,No strong risk indicators identified; transaction pattern is consistent with typical account activity.
18,11.724028256406212,-247005.8599999994,247005.86,0,0,123502.93,0.0,2.6865206e-07,CASH_IN,LOW,APPROVE,Flagged primarily because the account balances did not update consistently with the transaction amount. Model confidence: 0.0%.
18,12.680766850555198,-643007.0199999996,643007.02,0,0,321503.51,0.0,7.0800075e-07,CASH_IN,LOW,APPROVE,Flagged primarily because the account balances did not update consistently with the transaction amount. Model confidence: 0.0%.
18,11.829803773944546,-274565.1000000015,274565.10000000056,0,0,137282.55,0.0,2.0341137e-07,CASH_IN,LOW,APPROVE,Flagged primarily because the account balances did not update consistently with the transaction amount. Model confidence: 0.0%.
18,9.975507238594608,-42985.05999999866,42985.05999999994,0,0,21492.53,0.0,9.39343e-07,CASH_IN,LOW,APPROVE,No strong risk indicators identified; transaction pattern is consistent with typical account activity.
18,11.409091228400108,-180272.9400000013,180272.93999999997,0,0,90136.47,0.0,3.0515747e-07,CASH_IN,LOW,APPROVE,No strong risk indicators identified; transaction pattern is consistent with typical account activity.
18,12.298543890278182,-438750.6499999985,394771.01,0,0,219375.32,0.0,5.319923e-08,CASH_IN,LOW,APPROVE,Flagged primarily because the account balances did not update consistently with the transaction amount. Model confidence: 0.0%.
18,11.870282376316318,-285907.200000003,285907.20999999903,0,0,142953.6,0.0,6.1988594e-08,CASH_IN,LOW,APPROVE,Flagged primarily because the account balances did not update consistently with the transaction amount. Model confidence: 0.0%.
18,11.553380128032543,-208254.8200000003,208254.81999999983,0,0,104127.41,0.0,1.0465116e-06,CASH_IN,LOW,APPROVE,No strong risk indicators identified; transaction pattern is consistent with typical account activity.
18,12.177663294416492,-388794.1599999964,388794.16,0,0,194397.08,0.0,5.0170126e-08,CASH_IN,LOW,APPROVE,Flagged primarily because the account balances did not update consistently with the transaction amount. Model confidence: 0.0%.
18,10.327358888591956,-61112.60000000149,61112.59999999963,0,0,30556.3,0.0,7.199235e-07,CASH_IN,LOW,APPROVE,No strong risk indicators identified; transaction pattern is consistent with typical account activity.
18,9.902671219426905,-39965.37000000104,39965.37,0,0,19982.68,0.0,3.2489186e-06,CASH_IN,LOW,APPROVE,No strong risk indicators identified; transaction pattern is consistent with typical account activity.
18,10.436904851761517,-68187.92000000179,68187.91999999993,0,0,34093.96,0.0,4.1230887e-06,CASH_IN,LOW,APPROVE,No strong risk indicators identified; transaction pattern is consistent with typical account activity.
18,11.49642802751134,-196725.5799999982,196725.59000000008,0,0,98362.79,0.0,5.5716384e-07,CASH_IN,LOW,APPROVE,No strong risk indicators identified; transaction pattern is consistent with typical account activity.
18,11.010932881453988,-121062.66999999806,-24992.19000000006,0,0,60531.33,0.0,7.868208e-07,CASH_IN,LOW,APPROVE,No strong risk indicators identified; transaction pattern is consistent with typical account activity.
18,11.860614062373577,-283156.2599999979,283156.26,0,0,141578.13,0.0,3.3227096e-08,CASH_IN,LOW,APPROVE,Flagged primarily because the account balances did not update consistently with the transaction amount. Model confidence: 0.0%.
18,12.722875082510582,-670661.1400000006,670661.1400000001,0,0,335330.57,0.0,9.713632e-07,CASH_IN,LOW,APPROVE,Flagged primarily because the account balances did not update consistently with the transaction amount. Model confidence: 0.0%.
18,9.918189448091969,-40590.42000000179,-543.7999999999884,0,0,20295.21,0.0,4.811695e-06,CASH_IN,LOW,APPROVE,No strong risk indicators identified; transaction pattern is consistent with typical account activity.
18,11.461769634818248,-190024.1199999973,190024.1200000001,0,0,95012.06,0.0,9.609478e-07,CASH_IN,LOW,APPROVE,No strong risk indicators identified; transaction pattern is consistent with typical account activity.
18,11.763445477786712,-256936.66000000012,256936.66000000012,0,0,128468.33,0.0,3.4233753e-07,CASH_IN,LOW,APPROVE,Flagged primarily because the account balances did not update consistently with the transaction amount. Model confidence: 0.0%.
18,12.79390839256108,-720033.3399999999,720033.34,0,0,360016.67,0.0,2.8563792e-07,CASH_IN,LOW,APPROVE,Flagged primarily because the account balances did not update consistently with the transaction amount. Model confidence: 0.0%.
18,13.55377941503304,-1539433.880000003,1539433.88,0,0,769716.94,0.0,4.4297467e-06,CASH_IN,LOW,APPROVE,Flagged primarily because the account balances did not update consistently with the transaction amount. Model confidence: 0.0%.
18,12.881170385563504,-785687.9799999967,664757.0499999998,0,0,392843.99,0.0,2.2758017e-07,CASH_IN,LOW,APPROVE,Flagged primarily because the account balances did not update consistently with the transaction amount. Model confidence: 0.0%.
18,11.295106214377707,-160852.16000000015,25656.54000000004,0,0,80426.08,0.0,3.8382048e-08,CASH_IN,LOW,APPROVE,No strong risk indicators identified; transaction pattern is consistent with typical account activity.
18,10.69183263387007,-87988.11999999732,87988.12,0,0,43994.06,0.0,6.217568e-07,CASH_IN,LOW,APPROVE,No strong risk indicators identified; transaction pattern is consistent with typical account activity.
18,11.29103175727598,-160198.1000000015,160198.09999999998,0,0,80099.05,0.0,1.4455148e-07,CASH_IN,LOW,APPROVE,No strong risk indicators identified; transaction pattern is consistent with typical account activity.
18,11.210778748803898,-147843.9200000018,-54378.429999999935,0,0,73921.96,0.0,3.2800932e-07,CASH_IN,LOW,APPROVE,No strong risk indicators identified; transaction pattern is consistent with typical account activity.
18,11.446390712688416,-187124.08999999613,156558.83999999997,0,0,93562.04,0.0,5.276168e-07,CASH_IN,LOW,APPROVE,No strong risk indicators identified; transaction pattern is consistent with typical account activity.
18,10.588759303146436,-79370.4299999997,79370.43999999994,0,0,39685.22,0.0,5.466591e-06,CASH_IN,LOW,APPROVE,No strong risk indicators identified; transaction pattern is consistent with typical account activity.
18,11.860765485657383,-283199.15000000224,189698.23,0,0,141599.57,0.0,2.9102331e-08,CASH_IN,LOW,APPROVE,Flagged primarily because the account balances did not update consistently with the transaction amount. Model confidence: 0.0%.
18,10.439967765069394,-68397.10000000149,68397.09999999986,0,0,34198.55,0.0,4.1230887e-06,CASH_IN,LOW,APPROVE,No strong risk indicators identified; transaction pattern is consistent with typical account activity.
18,11.432967553701376,-184629.0399999991,84519.61999999988,0,0,92314.52,0.0,1.3576963e-06,CASH_IN,LOW,APPROVE,No strong risk indicators identified; transaction pattern is consistent with typical account activity.
18,11.473290682101911,-192226.08999999613,192226.08,0,0,96113.04,0.0,2.7613888e-07,CASH_IN,LOW,APPROVE,No strong risk indicators identified; transaction pattern is consistent with typical account activity.
18,10.643885141020474,-83868.76000000164,83868.76000000001,0,0,41934.38,0.0,1.2087493e-06,CASH_IN,LOW,APPROVE,No strong risk indicators identified; transaction pattern is consistent with typical account activity.
18,10.996139949614044,-119284.93999999762,119284.93999999994,0,0,59642.47,0.0,2.2451108e-07,CASH_IN,LOW,APPROVE,No strong risk indicators identified; transaction pattern is consistent with typical account activity.
18,11.466148168622444,-190857.97999999672,190857.99000000025,0,0,95428.99,0.0,9.609478e-07,CASH_IN,LOW,APPROVE,No strong risk indicators identified; transaction pattern is consistent with typical account activity.
18,12.25807137104267,-421347.7600000016,421347.76,0,0,210673.88,0.0,8.565291e-08,CASH_IN,LOW,APPROVE,Flagged primarily because the account balances did not update consistently with the transaction amount. Model confidence: 0.0%.
